<?xml version="1.0" encoding="UTF-8"?>
<project-private xmlns="http://www.netbeans.org/ns/project-private/1">
    <editor-bookmarks xmlns="http://www.netbeans.org/ns/editor-bookmarks/2" lastBookmarkId="0"/>
    <open-files xmlns="http://www.netbeans.org/ns/projectui-open-files/2">
        <group>
            <file>file:/C:/Users/user/Desktop/Sistemas%20Distribuidos/Chat%20RMI/ChatRMI/src/Servidor/I_RMI.java</file>
            <file>file:/C:/Users/user/Desktop/Sistemas%20Distribuidos/Chat%20RMI/ChatRMI/src/Main/ChatRMI.java</file>
            <file>file:/C:/Users/user/Desktop/Sistemas%20Distribuidos/Chat%20RMI/ChatRMI/src/Servidor/JFServidor.java</file>
            <file>file:/C:/Users/user/Desktop/Sistemas%20Distribuidos/Chat%20RMI/ChatRMI/src/Cliente/JFLogin.java</file>
            <file>file:/C:/Users/user/Desktop/Sistemas%20Distribuidos/Chat%20RMI/ChatRMI/src/Servidor/RMI_Impl.java</file>
        </group>
    </open-files>
</project-private>
